"id","humidity","pressure","temperature","date_time","wind_speed","station_id"
1,89,1020,299,"2022-07-31 02:41:04",0,38
2,77,1021,294,"2022-07-31 02:41:07",1,40
3,65,1018,303,"2022-07-31 02:41:17",5,6
4,83,1021,293,"2022-07-31 02:42:28",2,30
5,88,1017,294,"2022-07-31 02:42:30",1,32
6,77,1020,295,"2022-07-31 02:42:32",1,34
7,91,1018,297,"2022-07-31 02:43:45",1,20
8,71,1020,302,"2022-07-31 02:43:47",3,22
9,78,1021,294,"2022-07-31 02:43:54",1,28
10,83,1021,293,"2022-07-31 02:44:00",2,30
11,43,1012,306,"2022-07-31 02:45:04",1,11
12,65,1018,303,"2022-07-31 02:46:28",5,6
13,53,1015,304,"2022-07-31 02:46:30",4,8
14,81,1020,301,"2022-07-31 02:46:32",0,10
15,70,1018,304,"2022-07-31 02:46:34",3,12
16,26,1016,307,"2022-07-31 02:46:40",2,14
17,88,1017,294,"2022-07-31 02:47:41",1,32
18,77,1020,295,"2022-07-31 02:47:47",1,34
19,53,1015,304,"2022-07-31 02:50:23",4,8
20,27,1016,307,"2022-07-31 02:50:30",3,14
21,91,1018,297,"2022-07-31 02:50:36",1,20
22,72,1020,302,"2022-07-31 02:50:38",3,22
23,77,1020,300,"2022-07-31 02:50:41",3,24
24,83,1021,293,"2022-07-31 02:50:47",2,30
25,77,1021,296,"2022-07-31 02:50:54",1,36
26,88,1020,299,"2022-07-31 02:50:56",0,38
27,85,1019,301,"2022-07-31 02:51:53",3,9
28,43,1013,306,"2022-07-31 02:51:55",2,11
29,38,1016,306,"2022-07-31 02:51:57",4,13
30,81,1021,295,"2022-07-31 02:52:00",0,15
31,94,1025,291,"2022-07-31 02:52:02",0,17
32,88,1019,295,"2022-07-31 02:52:04",1,19
33,64,1021,300,"2022-07-31 02:52:06",1,21
34,76,1022,300,"2022-07-31 02:52:13",5,23
35,81,1020,295,"2022-07-31 02:52:15",2,29
36,73,1020,293,"2022-07-31 02:52:22",3,31
37,88,1022,296,"2022-07-31 02:52:24",0,37
38,88,1021,298,"2022-07-31 02:52:31",1,39
39,96,1023,296,"2022-07-31 02:52:33",0,4
40,78,1021,293,"2022-07-31 02:54:00",1,40
41,95,1022,296,"2022-07-31 02:54:02",3,2
42,96,1023,296,"2022-07-31 02:54:04",0,4
43,65,1018,303,"2022-07-31 02:54:06",5,6
44,53,1015,304,"2022-07-31 02:54:08",4,8
45,81,1020,301,"2022-07-31 02:54:11",2,10
46,70,1018,304,"2022-07-31 02:54:13",3,12
47,27,1016,307,"2022-07-31 02:54:15",3,14
48,88,1021,294,"2022-07-31 02:54:17",2,16
49,80,1021,296,"2022-07-31 02:54:20",0,18
50,91,1018,297,"2022-07-31 02:54:22",1,20
51,72,1020,302,"2022-07-31 02:54:24",3,22
52,77,1020,300,"2022-07-31 02:54:26",3,24
53,81,1021,300,"2022-07-31 02:54:28",2,26
54,78,1021,294,"2022-07-31 02:54:36",1,28
55,77,1020,295,"2022-07-31 02:54:37",1,34
56,88,1021,298,"2022-07-31 02:54:43",1,39
57,86,1021,297,"2022-07-31 02:54:45",1,1
58,90,1018,297,"2022-07-31 02:54:47",2,3
59,38,1016,306,"2022-07-31 02:54:56",6,5
60,68,1019,302,"2022-07-31 02:57:21",4,7
61,53,1014,301,"2022-07-31 02:57:28",4,13
62,81,1021,295,"2022-07-31 02:57:30",0,15
63,94,1025,291,"2022-07-31 02:57:33",0,17
64,88,1020,295,"2022-07-31 02:57:35",0,19
65,64,1021,300,"2022-07-31 02:57:37",1,21
66,78,1022,300,"2022-07-31 02:57:39",4,23
67,77,1021,301,"2022-07-31 02:57:42",3,25
68,75,1021,302,"2022-07-31 02:57:49",1,27
69,92,1018,294,"2022-07-31 02:57:51",2,33
70,72,1020,294,"2022-07-31 02:57:53",2,35
71,88,1022,296,"2022-07-31 02:57:55",0,37
72,89,1021,298,"2022-07-31 02:57:57",1,39
73,86,1021,297,"2022-07-31 02:57:59",1,1
74,90,1018,297,"2022-07-31 02:58:02",1,3
75,38,1016,306,"2022-07-31 02:58:04",6,5
76,68,1019,302,"2022-07-31 02:58:06",4,7
77,85,1019,300,"2022-07-31 02:58:08",3,9
78,43,1013,306,"2022-07-31 02:58:11",2,11
79,88,1021,294,"2022-07-31 02:58:16",2,16
80,81,1021,296,"2022-07-31 02:58:19",1,18
81,91,1018,296,"2022-07-31 02:58:21",1,20
82,76,1021,302,"2022-07-31 02:58:23",0,22
83,80,1021,293,"2022-07-31 02:58:30",1,28
84,88,1020,299,"2022-07-31 02:58:41",0,38
85,77,1021,293,"2022-07-31 02:58:43",0,40
86,93,1020,296,"2022-07-31 02:58:46",1,2
87,96,1023,296,"2022-07-31 02:58:53",0,4
88,81,1020,302,"2022-07-31 02:58:55",2,10
89,70,1018,302,"2022-07-31 02:58:57",3,12
90,89,1017,294,"2022-07-31 03:00:04",0,32
91,88,1020,299,"2022-07-31 03:00:19",0,38
92,96,1023,296,"2022-07-31 03:00:26",0,4
93,81,1020,302,"2022-07-31 03:00:27",2,10
94,70,1018,302,"2022-07-31 03:00:30",3,12
95,28,1016,306,"2022-07-31 03:00:32",3,14
96,88,1021,294,"2022-07-31 03:00:34",2,16
97,81,1021,296,"2022-07-31 03:00:36",1,18
98,91,1018,296,"2022-07-31 03:00:38",1,20
99,76,1021,302,"2022-07-31 03:00:41",0,22
100,81,1020,295,"2022-07-31 03:00:48",2,29
101,73,1020,293,"2022-07-31 03:00:51",3,31
102,92,1018,294,"2022-07-31 03:00:53",2,33
103,88,1020,299,"2022-07-31 03:00:58",0,38
104,77,1021,293,"2022-07-31 03:01:01",0,40
105,93,1020,296,"2022-07-31 03:01:03",1,2
106,96,1023,296,"2022-07-31 03:01:05",0,4
107,66,1018,303,"2022-07-31 03:01:07",4,6
108,56,1016,303,"2022-07-31 03:01:10",4,8
109,76,1021,302,"2022-07-31 03:01:27",0,22
110,78,1020,300,"2022-07-31 03:01:29",0,24
111,81,1021,300,"2022-07-31 03:01:31",2,26
112,80,1021,293,"2022-07-31 03:01:34",1,28
113,84,1021,293,"2022-07-31 03:01:36",2,30
114,89,1017,294,"2022-07-31 03:01:38",0,32
115,77,1020,296,"2022-07-31 03:01:40",1,34
116,79,1020,295,"2022-07-31 03:01:42",1,36
117,88,1020,299,"2022-07-31 03:01:45",0,38
118,77,1021,293,"2022-07-31 03:01:47",0,40
119,93,1020,296,"2022-07-31 03:01:49",1,2
120,96,1023,296,"2022-07-31 03:01:51",0,4
121,66,1018,303,"2022-07-31 03:01:54",4,6
122,56,1016,303,"2022-07-31 03:01:56",4,8
123,81,1020,302,"2022-07-31 03:01:58",2,10
124,70,1018,302,"2022-07-31 03:02:00",3,12
125,28,1016,306,"2022-07-31 03:02:02",3,14
126,88,1021,294,"2022-07-31 03:02:05",2,16
127,81,1021,296,"2022-07-31 03:02:12",1,18
128,96,1023,296,"2022-07-31 03:03:23",0,4
129,66,1018,303,"2022-07-31 03:03:25",4,6
130,56,1016,303,"2022-07-31 03:03:28",4,8
131,81,1020,302,"2022-07-31 03:03:30",2,10
132,70,1018,302,"2022-07-31 03:03:32",3,12
133,28,1016,306,"2022-07-31 03:03:34",3,14
134,88,1021,294,"2022-07-31 03:03:36",2,16
135,81,1021,296,"2022-07-31 03:03:39",1,18
136,91,1018,296,"2022-07-31 03:03:41",1,20
137,76,1021,302,"2022-07-31 03:03:43",0,22
138,78,1020,300,"2022-07-31 03:03:45",0,24
139,81,1021,300,"2022-07-31 03:03:48",2,26
140,80,1021,293,"2022-07-31 03:03:50",1,28
141,84,1021,293,"2022-07-31 03:03:52",2,30
142,89,1017,294,"2022-07-31 03:03:54",0,32
143,88,1020,299,"2022-07-31 03:04:01",0,38
144,77,1021,293,"2022-07-31 03:04:04",0,40
145,93,1020,296,"2022-07-31 03:04:10",1,2
146,68,1019,302,"2022-07-31 03:04:11",4,7
147,85,1019,300,"2022-07-31 03:04:14",3,9
148,43,1013,306,"2022-07-31 03:04:16",2,11
149,53,1014,301,"2022-07-31 03:04:18",4,13
150,81,1021,295,"2022-07-31 03:04:20",0,15
151,64,1021,300,"2022-07-31 03:04:27",1,21
152,73,1020,293,"2022-07-31 03:04:38",3,31
153,92,1018,294,"2022-07-31 03:04:41",2,33
154,72,1020,294,"2022-07-31 03:04:43",2,35
155,88,1022,296,"2022-07-31 03:04:45",0,37
156,89,1021,298,"2022-07-31 03:04:47",1,39
157,86,1021,297,"2022-07-31 03:04:49",1,1
158,90,1018,297,"2022-07-31 03:04:52",1,3
159,38,1016,306,"2022-07-31 03:04:54",6,5
160,81,1020,302,"2022-07-31 03:05:00",2,10
161,70,1018,302,"2022-07-31 03:05:02",3,12
162,28,1016,306,"2022-07-31 03:05:04",3,14
163,88,1021,294,"2022-07-31 03:05:06",2,16
164,81,1021,296,"2022-07-31 03:05:09",1,18
165,91,1018,296,"2022-07-31 03:05:11",1,20
166,76,1021,302,"2022-07-31 03:05:13",0,22
167,78,1020,300,"2022-07-31 03:05:16",0,24
168,81,1021,300,"2022-07-31 03:05:18",2,26
169,80,1021,293,"2022-07-31 03:05:20",1,28
170,92,1018,294,"2022-07-31 03:05:26",2,33
171,72,1020,294,"2022-07-31 03:05:28",2,35
172,88,1022,296,"2022-07-31 03:05:30",0,37
173,88,1021,294,"2022-07-31 03:05:52",2,16
174,81,1021,296,"2022-07-31 03:05:54",1,18
175,91,1018,296,"2022-07-31 03:05:56",1,20
176,71,1021,301,"2022-07-31 03:05:59",5,22
177,78,1021,294,"2022-07-31 03:06:07",1,28
178,90,1018,297,"2022-07-31 03:07:20",2,3
179,40,1016,306,"2022-07-31 03:07:22",8,5
180,69,1019,302,"2022-07-31 03:07:24",4,7
181,86,1019,301,"2022-07-31 03:07:27",3,9
182,44,1013,305,"2022-07-31 03:07:34",1,11
183,82,1025,292,"2022-07-31 03:07:40",0,17
184,78,1023,300,"2022-07-31 03:07:42",4,23
185,76,1021,301,"2022-07-31 03:07:44",7,25
186,73,1021,302,"2022-07-31 03:07:47",4,27
187,82,1020,294,"2022-07-31 03:07:49",2,29
188,73,1020,294,"2022-07-31 03:07:51",3,31
189,92,1018,294,"2022-07-31 03:07:53",1,33
190,72,1020,294,"2022-07-31 03:07:55",2,35
191,88,1022,296,"2022-07-31 03:07:58",0,37
192,90,1022,298,"2022-07-31 03:08:00",1,39
193,86,1021,297,"2022-07-31 03:08:02",1,1
194,90,1018,297,"2022-07-31 03:08:14",2,3
195,45,1017,304,"2022-07-31 03:08:16",4,13
196,82,1021,295,"2022-07-31 03:08:18",0,15
197,82,1025,292,"2022-07-31 03:08:20",0,17
198,88,1020,295,"2022-07-31 03:08:23",0,19
199,64,1021,300,"2022-07-31 03:08:25",1,21
200,78,1023,300,"2022-07-31 03:08:27",4,23
201,76,1021,301,"2022-07-31 03:08:29",7,25
202,73,1021,302,"2022-07-31 03:08:32",4,27
203,82,1020,294,"2022-07-31 03:08:34",2,29
204,70,1018,304,"2022-07-31 03:09:45",3,12
205,28,1016,306,"2022-07-31 03:09:47",3,14
206,88,1021,294,"2022-07-31 03:09:49",2,16
207,82,1021,296,"2022-07-31 03:09:51",0,18
208,91,1018,296,"2022-07-31 03:09:54",1,20
209,71,1021,301,"2022-07-31 03:09:56",5,22
210,77,1020,300,"2022-07-31 03:09:58",3,24
211,82,1022,300,"2022-07-31 03:10:00",2,26
212,78,1021,294,"2022-07-31 03:10:03",1,28
213,84,1021,292,"2022-07-31 03:10:05",2,30
214,89,1017,294,"2022-07-31 03:10:08",2,32
215,77,1020,295,"2022-07-31 03:10:11",1,34
216,78,1021,295,"2022-07-31 03:10:13",0,36
217,86,1021,297,"2022-07-31 03:10:19",1,1
218,66,1018,303,"2022-07-31 03:10:25",3,6
219,54,1016,304,"2022-07-31 03:10:27",5,8
220,81,1020,302,"2022-07-31 03:10:34",1,10
221,88,1021,294,"2022-07-31 03:10:36",2,16
222,82,1021,296,"2022-07-31 03:10:38",0,18
223,91,1018,296,"2022-07-31 03:10:40",1,20
224,71,1021,301,"2022-07-31 03:10:43",5,22
225,77,1020,300,"2022-07-31 03:10:45",3,24
226,82,1022,300,"2022-07-31 03:10:47",2,26
227,89,1017,294,"2022-07-31 03:10:54",2,32
228,88,1022,296,"2022-07-31 03:11:00",0,37
229,90,1018,297,"2022-07-31 03:11:07",2,3
230,45,1017,304,"2022-07-31 03:11:18",4,13
231,88,1020,295,"2022-07-31 03:11:25",0,19
232,64,1021,300,"2022-07-31 03:11:27",1,21
233,78,1023,300,"2022-07-31 03:11:30",4,23
234,76,1021,301,"2022-07-31 03:11:32",7,25
235,73,1021,302,"2022-07-31 03:11:34",4,27
236,82,1020,294,"2022-07-31 03:11:36",2,29
237,73,1020,294,"2022-07-31 03:11:39",3,31
238,92,1018,294,"2022-07-31 03:11:41",1,33
239,72,1020,294,"2022-07-31 03:11:43",2,35
240,88,1022,296,"2022-07-31 03:11:45",0,37
241,90,1022,298,"2022-07-31 03:11:48",1,39
242,86,1021,297,"2022-07-31 03:11:50",1,1
243,90,1018,297,"2022-07-31 03:11:52",2,3
244,40,1016,306,"2022-07-31 03:11:58",8,5
245,81,1020,302,"2022-07-31 03:12:00",1,10
246,70,1018,304,"2022-07-31 03:12:02",3,12
247,28,1016,306,"2022-07-31 03:12:04",3,14
248,88,1021,294,"2022-07-31 03:12:06",2,16
249,64,1021,300,"2022-07-31 03:12:12",1,21
250,73,1021,302,"2022-07-31 03:12:23",4,27
251,89,1017,294,"2022-07-31 03:12:25",2,32
252,88,1020,299,"2022-07-31 03:12:38",0,38
253,40,1016,306,"2022-07-31 03:12:39",8,5
254,81,1020,302,"2022-07-31 03:12:55",1,10
255,64,1021,300,"2022-07-31 03:12:57",1,21
256,78,1023,300,"2022-07-31 03:12:59",4,23
257,76,1021,301,"2022-07-31 03:13:02",7,25
258,73,1021,302,"2022-07-31 03:13:04",4,27
259,82,1020,294,"2022-07-31 03:13:10",2,29
260,77,1020,295,"2022-07-31 03:13:12",1,34
261,78,1021,295,"2022-07-31 03:13:14",0,36
262,88,1020,299,"2022-07-31 03:13:17",0,38
263,79,1021,293,"2022-07-31 03:13:19",1,40
264,93,1023,296,"2022-07-31 03:13:21",0,2
265,96,1022,296,"2022-07-31 03:13:28",0,4
266,81,1020,302,"2022-07-31 03:13:30",1,10
267,70,1018,304,"2022-07-31 03:13:32",3,12
268,28,1016,306,"2022-07-31 03:13:35",3,14
269,88,1021,294,"2022-07-31 03:13:37",2,16
270,82,1021,296,"2022-07-31 03:13:39",0,18
271,77,1020,300,"2022-07-31 03:13:46",3,24
272,84,1021,292,"2022-07-31 03:13:57",2,30
273,78,1021,295,"2022-07-31 03:13:59",0,36
274,44,1013,305,"2022-07-31 03:14:16",1,11
275,45,1017,304,"2022-07-31 03:14:19",4,13
276,82,1021,295,"2022-07-31 03:14:21",0,15
277,82,1025,292,"2022-07-31 03:14:28",0,17
278,78,1023,300,"2022-07-31 03:14:30",4,23
279,76,1021,301,"2022-07-31 03:14:32",7,25
280,73,1021,302,"2022-07-31 03:14:34",4,27
281,82,1020,294,"2022-07-31 03:14:41",2,29
282,72,1020,294,"2022-07-31 03:14:43",2,35
283,88,1022,296,"2022-07-31 03:14:45",0,37
284,90,1022,298,"2022-07-31 03:14:47",1,39
285,86,1021,297,"2022-07-31 03:14:50",1,1
286,90,1018,297,"2022-07-31 03:14:52",2,3
287,40,1016,306,"2022-07-31 03:14:54",8,5
288,69,1019,302,"2022-07-31 03:14:56",4,7
289,86,1019,301,"2022-07-31 03:14:58",3,9
290,44,1013,305,"2022-07-31 03:15:01",1,11
291,45,1017,304,"2022-07-31 03:15:03",4,13
292,82,1021,295,"2022-07-31 03:15:05",0,15
293,91,1018,296,"2022-07-31 03:15:11",1,20
294,76,1021,301,"2022-07-31 03:15:22",7,25
295,73,1020,294,"2022-07-31 03:15:23",3,31
296,88,1020,299,"2022-07-31 03:15:31",0,38
297,96,1022,296,"2022-07-31 03:15:38",0,4
298,45,1017,304,"2022-07-31 03:15:48",4,13
299,82,1021,295,"2022-07-31 03:15:50",0,15
300,82,1025,292,"2022-07-31 03:15:52",0,17
301,88,1020,295,"2022-07-31 03:15:55",0,19
302,64,1021,300,"2022-07-31 03:16:02",1,21
303,73,1021,302,"2022-07-31 03:16:04",4,27
304,82,1020,294,"2022-07-31 03:16:06",2,29
305,73,1020,294,"2022-07-31 03:16:15",3,31
306,88,1020,299,"2022-07-31 03:16:16",0,38
307,90,1018,297,"2022-07-31 03:16:23",2,3
308,40,1016,306,"2022-07-31 03:16:26",8,5
309,44,1013,305,"2022-07-31 03:16:33",1,11
310,45,1017,304,"2022-07-31 03:16:35",4,13
311,82,1021,295,"2022-07-31 03:16:37",0,15
312,82,1025,292,"2022-07-31 03:16:39",0,17
313,88,1020,295,"2022-07-31 03:16:42",0,19
314,64,1021,300,"2022-07-31 03:16:44",1,21
315,73,1021,302,"2022-07-31 03:16:52",4,27
316,81,1020,295,"2022-07-31 03:18:39",2,29
317,73,1020,294,"2022-07-31 03:18:41",3,31
318,92,1018,294,"2022-07-31 03:18:43",1,33
319,72,1020,294,"2022-07-31 03:18:45",2,35
320,88,1022,296,"2022-07-31 03:18:47",0,37
321,89,1022,298,"2022-07-31 03:18:50",1,39
322,86,1021,297,"2022-07-31 03:18:52",1,1
323,83,1021,296,"2022-07-31 03:19:56",0,18
324,92,1018,296,"2022-07-31 03:20:03",1,20
325,54,1016,304,"2022-07-31 03:21:15",5,8
326,81,1020,302,"2022-07-31 03:21:17",1,10
327,83,1021,295,"2022-07-31 03:21:23",0,15
328,82,1025,292,"2022-07-31 03:21:26",0,17
329,88,1020,295,"2022-07-31 03:21:28",0,19
330,64,1021,299,"2022-07-31 03:21:30",1,21
331,79,1023,300,"2022-07-31 03:21:32",4,23
332,76,1021,301,"2022-07-31 03:21:34",7,25
333,73,1021,302,"2022-07-31 03:21:37",4,27
334,92,1018,294,"2022-07-31 03:21:43",1,33
335,72,1020,294,"2022-07-31 03:21:46",2,35
336,88,1022,296,"2022-07-31 03:21:48",0,37
337,89,1022,298,"2022-07-31 03:21:50",1,39
338,86,1021,297,"2022-07-31 03:21:52",1,1
339,90,1018,297,"2022-07-31 03:21:54",2,3
340,40,1016,306,"2022-07-31 03:21:57",8,5
341,83,1021,295,"2022-07-31 03:22:08",0,15
342,82,1025,292,"2022-07-31 03:22:17",0,17
343,78,1020,300,"2022-07-31 03:22:18",3,24
344,82,1022,300,"2022-07-31 03:22:21",2,26
345,79,1021,293,"2022-07-31 03:22:23",1,28
346,84,1021,292,"2022-07-31 03:22:25",2,30
347,78,1020,300,"2022-07-31 03:23:51",3,24
348,82,1022,300,"2022-07-31 03:23:53",2,26
349,79,1021,293,"2022-07-31 03:23:56",1,28
350,77,1020,295,"2022-07-31 03:24:02",1,34
351,78,1021,295,"2022-07-31 03:24:05",0,36
352,88,1020,299,"2022-07-31 03:24:07",0,38
353,79,1021,293,"2022-07-31 03:24:09",0,40
354,93,1023,296,"2022-07-31 03:24:11",0,2
355,97,1022,296,"2022-07-31 03:24:14",0,4
356,67,1018,303,"2022-07-31 03:24:16",3,6
357,54,1016,304,"2022-07-31 03:24:22",5,8
358,45,1017,304,"2022-07-31 03:24:24",4,13
359,88,1020,295,"2022-07-31 03:24:30",0,19
360,64,1021,299,"2022-07-31 03:24:33",1,21
361,79,1023,300,"2022-07-31 03:24:35",4,23
362,76,1021,301,"2022-07-31 03:24:37",7,25
363,73,1021,302,"2022-07-31 03:24:39",4,27
364,81,1020,295,"2022-07-31 03:24:41",2,29
365,73,1020,294,"2022-07-31 03:24:44",3,31
366,88,1022,296,"2022-07-31 03:24:50",0,37
367,89,1022,298,"2022-07-31 03:24:53",1,39
368,86,1021,297,"2022-07-31 03:24:55",1,1
369,90,1018,297,"2022-07-31 03:24:57",2,3
370,45,1017,304,"2022-07-31 03:25:08",4,13
371,88,1020,295,"2022-07-31 03:25:16",0,19
372,81,1020,295,"2022-07-31 03:25:32",2,29
373,70,1018,304,"2022-07-31 03:26:42",3,12
374,78,1021,295,"2022-07-31 03:28:54",0,36
375,82,1020,294,"2022-07-31 03:30:12",2,29
376,73,1020,294,"2022-07-31 03:30:15",3,31
377,88,1020,295,"2022-07-31 03:31:33",0,19
378,86,1021,299,"2022-07-31 03:31:35",1,21
379,80,1023,299,"2022-07-31 03:31:37",4,23
380,77,1021,301,"2022-07-31 03:31:39",7,25
381,72,1021,302,"2022-07-31 03:31:42",4,27
382,82,1020,294,"2022-07-31 03:31:44",2,29
383,73,1020,294,"2022-07-31 03:31:46",3,31
384,92,1018,294,"2022-07-31 03:31:48",3,33
385,72,1020,294,"2022-07-31 03:31:51",2,35
386,88,1022,296,"2022-07-31 03:31:53",0,37
387,90,1022,298,"2022-07-31 03:31:55",1,39
388,86,1021,297,"2022-07-31 03:32:43",1,1
389,90,1018,297,"2022-07-31 03:32:45",2,3
390,40,1016,306,"2022-07-31 03:32:47",8,5
391,71,1019,302,"2022-07-31 03:32:49",4,7
392,87,1019,300,"2022-07-31 03:32:51",3,9
393,44,1014,305,"2022-07-31 03:32:54",2,11
394,45,1017,304,"2022-07-31 03:32:56",4,13
395,82,1021,295,"2022-07-31 03:33:03",0,15
396,86,1021,299,"2022-07-31 03:33:05",1,21
397,80,1023,299,"2022-07-31 03:33:08",4,23
398,77,1021,301,"2022-07-31 03:33:10",7,25
399,72,1021,302,"2022-07-31 03:33:12",4,27
400,82,1020,294,"2022-07-31 03:33:14",2,29
401,73,1020,294,"2022-07-31 03:33:16",3,31
402,92,1018,294,"2022-07-31 03:33:19",3,33
403,72,1020,294,"2022-07-31 03:33:21",2,35
404,88,1022,296,"2022-07-31 03:33:23",0,37
405,90,1022,298,"2022-07-31 03:33:25",1,39
406,86,1021,297,"2022-07-31 03:33:28",1,1
407,90,1018,297,"2022-07-31 03:33:30",2,3
408,40,1016,306,"2022-07-31 03:33:32",8,5
409,71,1019,302,"2022-07-31 03:33:35",4,7
410,87,1019,300,"2022-07-31 03:33:46",3,9
411,88,1020,295,"2022-07-31 03:33:48",0,19
412,86,1021,299,"2022-07-31 03:33:50",1,21
413,80,1023,299,"2022-07-31 03:33:52",4,23
414,77,1021,301,"2022-07-31 03:33:55",7,25
415,72,1021,302,"2022-07-31 03:33:57",4,27
416,82,1020,294,"2022-07-31 03:33:59",2,29
417,73,1020,294,"2022-07-31 03:34:07",3,31
418,88,1022,296,"2022-07-31 03:34:08",0,37
419,67,1018,302,"2022-07-31 03:34:19",3,6
420,54,1016,304,"2022-07-31 03:34:21",5,8
421,81,1020,302,"2022-07-31 03:34:24",0,10
422,70,1018,304,"2022-07-31 03:34:26",3,12
423,29,1017,305,"2022-07-31 03:34:28",3,14
424,87,1021,294,"2022-07-31 03:34:30",2,16
425,82,1021,296,"2022-07-31 03:34:32",0,18
426,92,1018,296,"2022-07-31 03:34:35",1,20
427,70,1021,302,"2022-07-31 03:34:37",5,22
428,79,1021,299,"2022-07-31 03:34:39",3,24
429,83,1022,300,"2022-07-31 03:34:41",2,26
430,80,1021,293,"2022-07-31 03:34:44",1,28
431,84,1021,292,"2022-07-31 03:34:46",2,30
432,88,1017,294,"2022-07-31 03:34:58",2,32
433,54,1016,304,"2022-07-31 03:35:06",5,8
434,81,1020,302,"2022-07-31 03:35:09",0,10
435,70,1018,304,"2022-07-31 03:35:11",3,12
436,29,1017,305,"2022-07-31 03:35:13",3,14
437,87,1021,294,"2022-07-31 03:35:15",2,16
438,82,1021,296,"2022-07-31 03:35:18",0,18
439,92,1018,296,"2022-07-31 03:35:20",1,20
440,70,1021,302,"2022-07-31 03:35:22",5,22
441,79,1021,299,"2022-07-31 03:35:24",3,24
442,83,1022,300,"2022-07-31 03:35:27",2,26
443,80,1021,293,"2022-07-31 03:35:29",1,28
444,84,1021,292,"2022-07-31 03:35:31",2,30
445,88,1017,294,"2022-07-31 03:35:33",2,32
446,77,1020,295,"2022-07-31 03:35:45",1,34
447,96,1022,296,"2022-07-31 03:35:47",1,4
448,67,1018,302,"2022-07-31 03:35:53",3,6
449,71,1021,301,"2022-07-31 03:36:52",5,22
450,80,1020,295,"2022-07-31 03:38:51",1,34
451,79,1021,295,"2022-07-31 03:38:53",0,36
452,89,1020,299,"2022-07-31 03:38:55",0,38
453,80,1021,293,"2022-07-31 03:38:57",0,40
454,93,1023,296,"2022-07-31 03:38:59",0,2
455,96,1022,296,"2022-07-31 03:39:02",0,4
456,68,1018,302,"2022-07-31 03:39:04",3,6
457,56,1016,304,"2022-07-31 03:39:06",5,8
458,91,1019,300,"2022-07-31 03:39:08",3,10
459,75,1019,304,"2022-07-31 03:39:11",2,12
460,30,1017,306,"2022-07-31 03:39:13",3,14
461,87,1021,294,"2022-07-31 03:39:15",2,16
462,82,1021,296,"2022-07-31 03:39:17",0,18
463,91,1018,296,"2022-07-31 03:39:24",1,20
464,77,1021,301,"2022-07-31 03:39:30",7,25
465,76,1020,293,"2022-07-31 03:39:36",3,31
466,79,1021,295,"2022-07-31 03:39:38",0,36
467,89,1020,299,"2022-07-31 03:39:40",0,38
468,80,1021,293,"2022-07-31 03:39:42",0,40
469,93,1023,296,"2022-07-31 03:39:45",0,2
470,96,1022,296,"2022-07-31 03:39:51",0,4
471,87,1020,300,"2022-07-31 03:39:52",2,9
472,46,1014,304,"2022-07-31 03:39:55",1,11
473,82,1025,292,"2022-07-31 03:40:01",0,17
474,71,1021,301,"2022-07-31 03:40:07",5,22
475,92,1018,294,"2022-07-31 03:40:25",3,33
476,91,1022,298,"2022-07-31 03:40:26",1,39
477,40,1016,306,"2022-07-31 03:40:33",8,5
478,30,1017,306,"2022-07-31 03:40:49",3,14
479,76,1020,293,"2022-07-31 03:41:48",3,31
480,92,1018,294,"2022-07-31 03:41:50",3,33
481,70,1020,294,"2022-07-31 03:41:52",2,35
482,91,1018,296,"2022-07-31 03:43:05",1,20
483,71,1021,301,"2022-07-31 03:43:07",5,22
484,80,1021,299,"2022-07-31 03:43:09",3,24
485,83,1022,300,"2022-07-31 03:43:11",2,26
486,81,1021,293,"2022-07-31 03:43:14",2,28
487,84,1022,292,"2022-07-31 03:43:16",2,30
488,88,1017,294,"2022-07-31 03:43:18",2,32
489,80,1020,295,"2022-07-31 03:43:20",1,34
490,79,1021,295,"2022-07-31 03:43:22",0,36
491,89,1020,299,"2022-07-31 03:43:25",0,38
492,80,1021,293,"2022-07-31 03:43:27",0,40
493,93,1023,296,"2022-07-31 03:43:29",0,2
494,96,1022,296,"2022-07-31 03:43:31",0,4
495,68,1018,302,"2022-07-31 03:43:33",3,6
496,56,1016,304,"2022-07-31 03:43:36",5,8
497,91,1019,300,"2022-07-31 03:43:38",3,10
498,75,1019,304,"2022-07-31 03:43:40",2,12
499,30,1017,306,"2022-07-31 03:43:42",3,14
500,91,1018,296,"2022-07-31 03:43:54",1,20
501,83,1022,300,"2022-07-31 03:44:00",2,26
502,76,1020,293,"2022-07-31 03:44:01",3,31
503,92,1018,294,"2022-07-31 03:44:03",3,33
504,70,1020,294,"2022-07-31 03:44:06",2,35
505,80,1021,293,"2022-07-31 03:44:11",0,40
506,68,1018,302,"2022-07-31 03:44:18",3,6
507,46,1014,304,"2022-07-31 03:44:23",1,11
508,82,1025,292,"2022-07-31 03:44:31",0,17
509,80,1023,299,"2022-07-31 03:44:37",4,23
510,81,1021,293,"2022-07-31 03:44:43",2,28
511,92,1018,294,"2022-07-31 03:44:48",3,33
512,91,1022,298,"2022-07-31 03:44:55",1,39
513,87,1021,294,"2022-07-31 03:45:15",2,16
514,82,1021,296,"2022-07-31 03:45:17",0,18
515,91,1018,296,"2022-07-31 03:45:23",1,20
516,77,1021,301,"2022-07-31 03:45:25",7,25
517,72,1021,302,"2022-07-31 03:45:27",4,27
518,82,1020,294,"2022-07-31 03:45:29",2,29
519,76,1020,293,"2022-07-31 03:45:31",3,31
520,92,1018,294,"2022-07-31 03:45:34",3,33
521,70,1020,294,"2022-07-31 03:45:36",2,35
522,88,1022,296,"2022-07-31 03:45:38",0,37
523,91,1022,298,"2022-07-31 03:45:40",1,39
524,87,1021,297,"2022-07-31 03:45:43",1,1
525,90,1018,297,"2022-07-31 03:45:45",2,3
526,40,1016,306,"2022-07-31 03:45:47",8,5
527,73,1019,302,"2022-07-31 03:45:49",4,7
528,75,1019,304,"2022-07-31 03:45:55",2,12
529,30,1017,306,"2022-07-31 03:45:57",3,14
530,91,1018,296,"2022-07-31 03:46:07",1,20
531,77,1021,301,"2022-07-31 03:46:17",7,25
532,84,1022,292,"2022-07-31 03:46:23",2,30
533,70,1020,294,"2022-07-31 03:46:24",2,35
534,88,1022,296,"2022-07-31 03:46:27",0,37
535,91,1022,298,"2022-07-31 03:46:29",1,39
536,87,1021,297,"2022-07-31 03:46:31",1,1
537,90,1018,297,"2022-07-31 03:46:33",2,3
538,56,1016,304,"2022-07-31 03:46:39",5,8
539,45,1017,304,"2022-07-31 03:46:44",4,13
540,82,1021,296,"2022-07-31 03:46:50",0,18
541,73,1022,302,"2022-07-31 03:47:02",5,27
542,79,1021,295,"2022-07-31 03:47:15",0,36
543,87,1021,297,"2022-07-31 03:47:22",1,1
544,74,1019,302,"2022-07-31 03:47:31",5,7
545,88,1020,300,"2022-07-31 03:47:34",2,9
546,83,1021,295,"2022-07-31 03:48:30",0,15
547,82,1025,292,"2022-07-31 03:48:32",0,17
548,88,1020,295,"2022-07-31 03:48:34",0,19
549,86,1022,299,"2022-07-31 03:48:37",2,21
550,81,1023,299,"2022-07-31 03:48:39",4,23
551,77,1021,301,"2022-07-31 03:48:41",7,25
552,73,1022,302,"2022-07-31 03:48:43",5,27
553,80,1020,294,"2022-07-31 03:48:45",2,29
554,76,1020,293,"2022-07-31 03:48:48",3,31
555,92,1018,294,"2022-07-31 03:48:50",3,33
556,70,1020,294,"2022-07-31 03:48:52",2,35
557,88,1022,296,"2022-07-31 03:48:54",0,37
558,91,1022,298,"2022-07-31 03:48:56",1,39
559,87,1021,297,"2022-07-31 03:48:59",1,1
560,89,1018,297,"2022-07-31 03:49:01",2,3
561,40,1016,306,"2022-07-31 03:49:03",8,5
562,74,1019,302,"2022-07-31 03:49:05",5,7
563,45,1017,304,"2022-07-31 03:49:12",4,13
564,83,1021,295,"2022-07-31 03:49:15",0,15
565,82,1025,292,"2022-07-31 03:49:17",0,17
566,88,1020,295,"2022-07-31 03:49:19",0,19
567,86,1022,299,"2022-07-31 03:49:21",2,21
568,81,1023,299,"2022-07-31 03:49:24",4,23
569,80,1020,295,"2022-07-31 03:49:36",1,34
570,79,1021,295,"2022-07-31 03:49:38",0,36
571,90,1020,299,"2022-07-31 03:49:40",0,38
572,80,1021,293,"2022-07-31 03:49:43",0,40
573,93,1023,296,"2022-07-31 03:49:45",0,2
574,96,1022,296,"2022-07-31 03:49:47",0,4
575,69,1018,302,"2022-07-31 03:49:49",3,6
576,56,1016,304,"2022-07-31 03:49:51",5,8
577,85,1020,301,"2022-07-31 03:49:58",0,10
578,83,1021,295,"2022-07-31 03:49:59",0,15
579,82,1025,292,"2022-07-31 03:50:01",0,17
580,71,1021,301,"2022-07-31 03:50:08",5,22
581,80,1021,299,"2022-07-31 03:50:10",3,24
582,83,1022,300,"2022-07-31 03:50:12",2,26
583,76,1020,293,"2022-07-31 03:50:18",3,31
584,79,1021,295,"2022-07-31 03:50:24",0,36
585,90,1020,299,"2022-07-31 03:50:26",0,38
586,80,1021,293,"2022-07-31 03:50:28",0,40
587,93,1023,296,"2022-07-31 03:50:31",0,2
588,96,1022,296,"2022-07-31 03:50:33",0,4
589,69,1018,302,"2022-07-31 03:50:35",3,6
590,56,1016,304,"2022-07-31 03:50:37",5,8
591,31,1016,305,"2022-07-31 03:50:44",3,14
592,94,1018,296,"2022-07-31 03:50:51",1,20
593,77,1021,301,"2022-07-31 03:50:56",7,25
594,70,1020,294,"2022-07-31 03:51:07",2,35
595,88,1022,296,"2022-07-31 03:51:10",0,37
596,91,1022,298,"2022-07-31 03:51:12",1,39
597,87,1021,297,"2022-07-31 03:51:18",1,1
598,69,1018,302,"2022-07-31 03:51:20",3,6
599,56,1016,304,"2022-07-31 03:51:22",5,8
600,85,1020,301,"2022-07-31 03:51:24",0,10
601,75,1019,304,"2022-07-31 03:51:26",2,12
602,31,1016,305,"2022-07-31 03:51:28",3,14
603,87,1022,294,"2022-07-31 03:51:31",2,16
604,82,1021,295,"2022-07-31 03:51:33",0,18
605,94,1018,296,"2022-07-31 03:51:35",1,20
606,71,1021,301,"2022-07-31 03:51:37",5,22
607,80,1021,299,"2022-07-31 03:51:40",3,24
608,83,1022,300,"2022-07-31 03:51:42",2,26
609,82,1021,293,"2022-07-31 03:51:44",2,28
610,85,1022,292,"2022-07-31 03:51:51",2,30
611,79,1021,295,"2022-07-31 03:51:53",0,36
612,90,1020,299,"2022-07-31 03:51:55",0,38
613,96,1022,296,"2022-07-31 03:52:02",0,4
614,85,1020,301,"2022-07-31 03:52:08",0,10
615,87,1022,294,"2022-07-31 03:52:15",2,16
616,86,1022,299,"2022-07-31 03:52:21",2,21
617,76,1020,293,"2022-07-31 03:52:32",3,31
618,92,1018,294,"2022-07-31 03:52:34",3,33
619,70,1020,294,"2022-07-31 03:52:37",2,35
620,88,1022,296,"2022-07-31 03:52:39",0,37
621,91,1022,298,"2022-07-31 03:52:41",1,39
622,87,1021,297,"2022-07-31 03:52:43",1,1
623,89,1018,297,"2022-07-31 03:52:45",2,3
624,40,1016,306,"2022-07-31 03:52:48",8,5
625,74,1019,302,"2022-07-31 03:52:50",5,7
626,88,1020,300,"2022-07-31 03:52:52",2,9
627,46,1014,304,"2022-07-31 03:52:54",1,11
628,45,1017,304,"2022-07-31 03:52:57",4,13
629,83,1021,295,"2022-07-31 03:52:59",0,15
630,82,1025,292,"2022-07-31 03:53:01",0,17
631,88,1020,295,"2022-07-31 03:53:03",0,19
632,86,1022,299,"2022-07-31 03:53:06",2,21
633,81,1023,299,"2022-07-31 03:53:08",4,23
634,77,1021,301,"2022-07-31 03:53:10",7,25
635,85,1022,292,"2022-07-31 03:53:16",2,30
636,79,1021,295,"2022-07-31 03:53:22",0,36
637,87,1021,297,"2022-07-31 03:53:28",1,1
638,46,1014,304,"2022-07-31 03:53:39",1,11
639,45,1017,304,"2022-07-31 03:53:45",4,13
640,82,1021,295,"2022-07-31 03:53:47",0,18
641,94,1018,296,"2022-07-31 03:53:49",1,20
642,71,1021,301,"2022-07-31 03:53:51",5,22
643,80,1021,299,"2022-07-31 03:53:53",3,24
644,83,1022,300,"2022-07-31 03:53:56",2,26
645,82,1021,293,"2022-07-31 03:53:58",2,28
646,85,1022,292,"2022-07-31 03:54:00",2,30
647,89,1017,293,"2022-07-31 03:54:02",2,32
648,80,1020,295,"2022-07-31 03:54:05",1,34
649,79,1021,295,"2022-07-31 03:54:07",0,36
650,90,1020,299,"2022-07-31 03:54:09",0,38
651,80,1021,293,"2022-07-31 03:54:11",0,40
652,93,1023,296,"2022-07-31 03:54:14",0,2
653,96,1022,296,"2022-07-31 03:54:16",0,4
654,69,1018,302,"2022-07-31 03:54:18",3,6
655,56,1016,304,"2022-07-31 03:54:20",5,8
656,85,1020,301,"2022-07-31 03:54:22",0,10
657,83,1021,295,"2022-07-31 03:54:28",0,15
658,86,1022,299,"2022-07-31 03:54:35",2,21
659,82,1021,293,"2022-07-31 03:54:42",2,28
660,90,1020,299,"2022-07-31 03:54:54",0,38
661,80,1021,293,"2022-07-31 03:54:56",0,40
662,93,1023,296,"2022-07-31 03:54:58",0,2
663,96,1022,296,"2022-07-31 03:55:00",0,4
664,69,1018,302,"2022-07-31 03:55:02",3,6
665,56,1016,304,"2022-07-31 03:55:05",5,8
666,85,1020,301,"2022-07-31 03:55:07",0,10
667,75,1019,304,"2022-07-31 03:55:10",2,12
668,31,1016,305,"2022-07-31 03:55:16",3,14
669,88,1020,295,"2022-07-31 03:55:17",0,19
670,86,1022,299,"2022-07-31 03:55:20",2,21
671,81,1023,299,"2022-07-31 03:55:22",4,23
672,77,1021,301,"2022-07-31 03:55:24",7,25
673,73,1022,302,"2022-07-31 03:55:26",5,27
674,80,1020,294,"2022-07-31 03:55:29",2,29
675,80,1020,295,"2022-07-31 03:55:34",1,34
676,79,1021,295,"2022-07-31 03:55:37",0,36
677,90,1020,299,"2022-07-31 03:55:39",0,38
678,80,1021,293,"2022-07-31 03:55:50",0,40
679,85,1020,301,"2022-07-31 03:55:52",0,10
680,45,1017,305,"2022-07-31 03:57:34",5,5
681,75,1019,301,"2022-07-31 03:57:36",5,7
682,88,1020,300,"2022-07-31 03:57:39",2,9
683,46,1014,304,"2022-07-31 03:57:41",1,11
684,59,1014,300,"2022-07-31 03:57:43",6,13
685,84,1021,295,"2022-07-31 03:57:45",0,15
686,82,1025,292,"2022-07-31 03:57:47",0,17
687,88,1020,295,"2022-07-31 03:57:50",0,19
688,86,1022,299,"2022-07-31 03:57:52",2,21
689,84,1022,299,"2022-07-31 03:57:54",4,23
690,79,1021,301,"2022-07-31 03:57:56",2,25
691,73,1021,302,"2022-07-31 03:57:59",5,27
692,81,1020,295,"2022-07-31 03:58:01",2,29
693,76,1020,293,"2022-07-31 03:58:03",3,31
694,92,1018,294,"2022-07-31 03:58:05",3,33
695,70,1020,293,"2022-07-31 03:58:07",2,35
696,88,1022,296,"2022-07-31 03:58:10",0,37
697,91,1022,298,"2022-07-31 03:58:12",2,39
698,87,1021,297,"2022-07-31 03:58:14",1,1
699,89,1018,297,"2022-07-31 03:58:16",0,3
700,45,1017,305,"2022-07-31 03:58:19",5,5
701,85,1020,301,"2022-07-31 03:58:24",0,10
702,75,1019,301,"2022-07-31 03:58:26",2,12
703,82,1025,292,"2022-07-31 03:58:38",0,17
704,83,1021,299,"2022-07-31 03:58:40",0,24
705,80,1020,296,"2022-07-31 03:58:51",1,34
706,81,1020,295,"2022-07-31 03:59:03",1,36
707,75,1019,301,"2022-07-31 03:59:05",5,7
708,88,1020,300,"2022-07-31 03:59:08",2,9
709,46,1014,304,"2022-07-31 03:59:10",1,11
710,59,1014,300,"2022-07-31 03:59:12",6,13
711,84,1021,295,"2022-07-31 03:59:14",0,15
712,82,1025,292,"2022-07-31 03:59:17",0,17
713,88,1020,295,"2022-07-31 03:59:19",0,19
714,86,1022,299,"2022-07-31 03:59:21",2,21
715,84,1022,299,"2022-07-31 03:59:23",4,23
716,79,1021,301,"2022-07-31 03:59:29",2,25
717,75,1019,301,"2022-07-31 04:00:35",5,7
718,88,1020,300,"2022-07-31 04:00:37",2,9
719,46,1014,304,"2022-07-31 04:00:39",1,11
720,59,1014,300,"2022-07-31 04:00:41",6,13
721,84,1021,295,"2022-07-31 04:00:44",0,15
722,82,1025,292,"2022-07-31 04:00:46",0,17
723,88,1020,295,"2022-07-31 04:00:48",0,19
724,86,1022,299,"2022-07-31 04:00:50",2,21
725,84,1022,299,"2022-07-31 04:00:53",4,23
726,79,1021,301,"2022-07-31 04:00:55",2,25
727,73,1021,302,"2022-07-31 04:00:57",5,27
728,81,1020,295,"2022-07-31 04:00:59",2,29
729,76,1020,293,"2022-07-31 04:01:01",3,31
730,88,1022,296,"2022-07-31 04:01:08",0,37
731,91,1022,298,"2022-07-31 04:01:10",2,39
732,87,1021,297,"2022-07-31 04:01:13",1,1
733,89,1018,297,"2022-07-31 04:01:15",0,3
734,45,1017,305,"2022-07-31 04:01:17",5,5
735,75,1019,301,"2022-07-31 04:01:19",5,7
736,88,1020,300,"2022-07-31 04:01:21",2,9
737,46,1014,304,"2022-07-31 04:01:24",1,11
738,59,1014,300,"2022-07-31 04:01:26",6,13
739,84,1021,295,"2022-07-31 04:01:32",0,15
740,94,1018,296,"2022-07-31 04:01:34",1,20
741,85,1022,292,"2022-07-31 04:01:45",2,30
742,89,1017,293,"2022-07-31 04:01:47",1,32
743,80,1020,296,"2022-07-31 04:01:49",1,34
744,81,1020,295,"2022-07-31 04:01:52",1,36
745,90,1020,299,"2022-07-31 04:01:54",0,38
746,81,1021,293,"2022-07-31 04:01:56",0,40
747,93,1020,295,"2022-07-31 04:01:58",0,2
748,97,1022,296,"2022-07-31 04:02:00",0,4
749,70,1018,302,"2022-07-31 04:02:03",4,6
750,58,1017,304,"2022-07-31 04:02:05",3,8
751,85,1020,301,"2022-07-31 04:02:07",0,10
752,75,1019,301,"2022-07-31 04:02:09",2,12
753,82,1021,295,"2022-07-31 04:02:16",1,18
754,94,1018,296,"2022-07-31 04:02:18",1,20
755,73,1021,301,"2022-07-31 04:02:21",2,22
756,83,1021,299,"2022-07-31 04:02:23",0,24
757,76,1020,293,"2022-07-31 04:02:37",3,31
758,90,1020,299,"2022-07-31 04:02:38",0,38
759,81,1021,293,"2022-07-31 04:02:41",0,40
760,93,1020,295,"2022-07-31 04:02:43",0,2
761,97,1022,296,"2022-07-31 04:02:54",0,4
762,31,1017,305,"2022-07-31 04:02:56",3,14
763,87,1022,293,"2022-07-31 04:02:58",2,16
764,82,1021,295,"2022-07-31 04:03:01",1,18
765,94,1018,296,"2022-07-31 04:03:03",1,20
766,73,1021,301,"2022-07-31 04:03:05",2,22
767,83,1021,299,"2022-07-31 04:03:07",0,24
768,83,1022,299,"2022-07-31 04:03:10",2,26
769,82,1021,293,"2022-07-31 04:03:12",2,28
770,85,1022,292,"2022-07-31 04:03:19",2,30
771,81,1020,295,"2022-07-31 04:03:21",1,36
772,90,1020,299,"2022-07-31 04:03:23",0,38
773,97,1022,296,"2022-07-31 04:03:30",0,4
774,85,1020,301,"2022-07-31 04:03:36",0,10
775,87,1022,293,"2022-07-31 04:03:43",2,16
776,86,1022,299,"2022-07-31 04:03:48",2,21
777,83,1022,299,"2022-07-31 04:03:54",2,26
778,81,1020,295,"2022-07-31 04:04:05",1,36
779,90,1020,299,"2022-07-31 04:04:07",0,38
780,81,1021,293,"2022-07-31 04:04:10",0,40
781,93,1020,295,"2022-07-31 04:04:12",0,2
782,97,1022,296,"2022-07-31 04:04:14",0,4
783,70,1018,302,"2022-07-31 04:04:16",4,6
784,58,1017,304,"2022-07-31 04:04:25",3,8
785,84,1021,295,"2022-07-31 04:04:26",0,15
786,82,1025,292,"2022-07-31 04:04:34",0,17
787,84,1022,299,"2022-07-31 04:04:35",4,23
788,79,1021,301,"2022-07-31 04:04:37",2,25
789,73,1021,302,"2022-07-31 04:04:40",5,27
790,81,1020,295,"2022-07-31 04:04:42",2,29
791,76,1020,293,"2022-07-31 04:04:44",3,31
792,92,1018,294,"2022-07-31 04:04:46",3,33
793,70,1020,293,"2022-07-31 04:04:49",2,35
794,88,1022,296,"2022-07-31 04:04:51",0,37
795,89,1018,297,"2022-07-31 04:04:57",0,3
796,88,1020,300,"2022-07-31 04:05:04",2,9
797,84,1021,295,"2022-07-31 04:05:11",0,15
798,83,1022,299,"2022-07-31 04:05:23",2,26
799,82,1021,293,"2022-07-31 04:05:25",2,28
800,80,1020,296,"2022-07-31 04:05:32",1,34
801,81,1020,295,"2022-07-31 04:05:34",1,36
802,90,1020,299,"2022-07-31 04:05:36",0,38
803,81,1021,293,"2022-07-31 04:05:38",0,40
804,93,1020,295,"2022-07-31 04:05:41",0,2
805,97,1022,296,"2022-07-31 04:05:43",0,4
806,70,1018,302,"2022-07-31 04:05:45",4,6
807,58,1017,304,"2022-07-31 04:05:47",3,8
808,85,1020,301,"2022-07-31 04:05:50",0,10
809,75,1019,301,"2022-07-31 04:05:52",2,12
810,31,1017,305,"2022-07-31 04:05:54",3,14
811,87,1022,293,"2022-07-31 04:05:56",2,16
812,82,1021,295,"2022-07-31 04:05:58",1,18
813,94,1018,296,"2022-07-31 04:06:01",1,20
814,73,1021,301,"2022-07-31 04:06:03",2,22
815,83,1021,299,"2022-07-31 04:06:05",0,24
816,70,1020,294,"2022-07-31 04:07:03",2,35
817,76,1019,301,"2022-07-31 04:09:00",4,7
818,88,1020,300,"2022-07-31 04:09:02",2,9
819,46,1015,304,"2022-07-31 04:09:04",1,11
820,48,1018,303,"2022-07-31 04:09:06",6,13
821,84,1021,295,"2022-07-31 04:09:08",0,15
822,82,1025,292,"2022-07-31 04:09:11",0,17
823,88,1020,295,"2022-07-31 04:09:13",0,19
824,86,1022,298,"2022-07-31 04:09:15",2,21
825,85,1022,292,"2022-07-31 04:10:14",2,30
826,79,1021,295,"2022-07-31 04:10:16",2,36
827,90,1020,299,"2022-07-31 04:10:19",0,38
828,82,1021,292,"2022-07-31 04:10:21",0,40
829,95,1022,296,"2022-07-31 04:10:23",1,2
830,97,1022,296,"2022-07-31 04:10:25",0,4
831,70,1018,302,"2022-07-31 04:10:28",4,6
832,57,1017,304,"2022-07-31 04:10:35",5,8
833,31,1017,305,"2022-07-31 04:10:41",4,14
834,95,1018,296,"2022-07-31 04:10:43",1,20
835,83,1022,299,"2022-07-31 04:10:50",2,26
836,83,1021,293,"2022-07-31 04:10:52",2,28
837,85,1022,292,"2022-07-31 04:10:54",2,30
838,90,1017,293,"2022-07-31 04:10:56",0,32
839,80,1020,295,"2022-07-31 04:10:59",1,34
840,79,1021,295,"2022-07-31 04:11:01",2,36
841,90,1020,299,"2022-07-31 04:11:03",0,38
842,82,1021,292,"2022-07-31 04:11:05",0,40
843,95,1022,296,"2022-07-31 04:11:07",1,2
844,97,1022,296,"2022-07-31 04:11:10",0,4
845,70,1018,302,"2022-07-31 04:11:12",4,6
846,57,1017,304,"2022-07-31 04:11:14",5,8
847,82,1020,300,"2022-07-31 04:11:16",1,10
848,84,1021,295,"2022-07-31 04:11:22",0,15
849,95,1018,296,"2022-07-31 04:11:27",1,20
850,82,1020,295,"2022-07-31 04:11:37",2,29
851,76,1020,293,"2022-07-31 04:11:40",3,31
852,82,1021,292,"2022-07-31 04:11:50",0,40
853,95,1022,296,"2022-07-31 04:11:52",1,2
854,97,1022,296,"2022-07-31 04:11:54",0,4
855,70,1018,302,"2022-07-31 04:11:57",4,6
856,57,1017,304,"2022-07-31 04:11:59",5,8
857,82,1020,300,"2022-07-31 04:12:01",1,10
858,75,1019,304,"2022-07-31 04:12:03",2,12
859,31,1017,305,"2022-07-31 04:12:05",4,14
860,86,1022,293,"2022-07-31 04:12:08",2,16
861,83,1022,295,"2022-07-31 04:12:10",1,18
862,95,1018,296,"2022-07-31 04:12:12",1,20
863,72,1021,301,"2022-07-31 04:12:14",4,22
864,82,1021,299,"2022-07-31 04:12:17",2,24
865,83,1022,299,"2022-07-31 04:12:25",2,26
866,92,1018,294,"2022-07-31 04:12:27",3,33
867,70,1020,294,"2022-07-31 04:12:29",2,35
868,94,1022,296,"2022-07-31 04:12:31",0,37
869,91,1022,298,"2022-07-31 04:12:38",2,39
870,48,1017,305,"2022-07-31 04:12:40",8,5
871,76,1019,301,"2022-07-31 04:12:46",4,7
872,75,1019,304,"2022-07-31 04:12:48",2,12
873,31,1017,305,"2022-07-31 04:12:50",4,14
874,86,1022,293,"2022-07-31 04:12:52",2,16
875,83,1022,295,"2022-07-31 04:12:54",1,18
876,95,1018,296,"2022-07-31 04:12:56",1,20
877,72,1021,301,"2022-07-31 04:12:59",4,22
878,82,1021,299,"2022-07-31 04:13:01",2,24
879,83,1022,299,"2022-07-31 04:13:03",2,26
880,90,1017,293,"2022-07-31 04:13:10",0,32
881,80,1020,295,"2022-07-31 04:13:12",1,34
882,79,1021,295,"2022-07-31 04:13:14",2,36
883,90,1020,299,"2022-07-31 04:13:16",0,38
884,82,1021,292,"2022-07-31 04:13:19",0,40
885,95,1022,296,"2022-07-31 04:13:21",1,2
886,97,1022,296,"2022-07-31 04:13:23",0,4
887,70,1018,302,"2022-07-31 04:13:25",4,6
888,57,1017,304,"2022-07-31 04:13:28",5,8
889,82,1020,300,"2022-07-31 04:13:30",1,10
890,86,1022,293,"2022-07-31 04:13:36",2,16
891,83,1022,295,"2022-07-31 04:13:39",1,18
892,82,1023,299,"2022-07-31 04:13:44",3,23
893,48,1017,305,"2022-07-31 04:14:09",8,5
894,76,1019,301,"2022-07-31 04:14:11",4,7
895,88,1020,300,"2022-07-31 04:14:13",2,9
896,46,1015,304,"2022-07-31 04:14:15",1,11
897,82,1025,292,"2022-07-31 04:14:22",0,17
898,88,1020,295,"2022-07-31 04:14:24",0,19
899,86,1022,298,"2022-07-31 04:14:26",2,21
900,82,1023,299,"2022-07-31 04:14:29",3,23
901,78,1021,301,"2022-07-31 04:14:31",7,25
902,74,1022,302,"2022-07-31 04:14:33",3,27
903,82,1020,295,"2022-07-31 04:14:35",2,29
904,76,1020,293,"2022-07-31 04:14:38",3,31
905,92,1018,294,"2022-07-31 04:14:40",3,33
906,70,1020,294,"2022-07-31 04:14:47",2,35
907,87,1021,297,"2022-07-31 04:14:49",1,1
908,89,1018,297,"2022-07-31 04:14:51",0,3
909,48,1017,305,"2022-07-31 04:14:53",8,5
910,76,1019,301,"2022-07-31 04:14:55",4,7
911,88,1020,300,"2022-07-31 04:14:58",2,9
912,46,1015,304,"2022-07-31 04:15:00",1,11
913,48,1018,303,"2022-07-31 04:15:02",6,13
914,84,1021,295,"2022-07-31 04:15:04",0,15
915,82,1025,292,"2022-07-31 04:15:11",0,17
916,82,1023,299,"2022-07-31 04:15:13",3,23
917,78,1021,301,"2022-07-31 04:15:15",7,25
918,74,1022,302,"2022-07-31 04:15:17",3,27
919,82,1020,295,"2022-07-31 04:15:20",2,29
920,76,1020,293,"2022-07-31 04:15:22",3,31
921,92,1018,294,"2022-07-31 04:15:24",3,33
922,70,1020,294,"2022-07-31 04:15:26",2,35
923,94,1022,296,"2022-07-31 04:15:29",0,37
924,91,1022,298,"2022-07-31 04:15:31",2,39
925,97,1022,296,"2022-07-31 04:15:36",0,4
926,31,1017,305,"2022-07-31 04:15:53",4,14
927,83,1022,299,"2022-07-31 04:16:01",2,26
928,83,1021,293,"2022-07-31 04:16:03",2,28
929,85,1022,292,"2022-07-31 04:16:05",2,30
930,90,1017,293,"2022-07-31 04:16:08",0,32
931,80,1020,295,"2022-07-31 04:16:10",1,34
932,79,1021,295,"2022-07-31 04:16:12",2,36
933,90,1020,299,"2022-07-31 04:16:14",0,38
934,82,1021,292,"2022-07-31 04:16:16",0,40
935,95,1022,296,"2022-07-31 04:16:19",1,2
936,97,1022,296,"2022-07-31 04:16:21",0,4
937,70,1018,302,"2022-07-31 04:16:23",4,6
938,57,1017,304,"2022-07-31 04:16:25",5,8
939,82,1020,300,"2022-07-31 04:16:28",1,10
940,75,1019,304,"2022-07-31 04:16:30",2,12
941,83,1022,295,"2022-07-31 04:16:36",1,18
942,95,1018,296,"2022-07-31 04:16:39",1,20
943,72,1021,301,"2022-07-31 04:16:41",4,22
944,82,1021,299,"2022-07-31 04:16:43",2,24
945,83,1022,299,"2022-07-31 04:16:45",2,26
946,83,1021,293,"2022-07-31 04:16:47",2,28
947,85,1022,292,"2022-07-31 04:16:50",2,30
948,90,1017,293,"2022-07-31 04:16:52",0,32
949,80,1020,295,"2022-07-31 04:16:54",1,34
950,79,1021,295,"2022-07-31 04:16:56",2,36
951,90,1020,299,"2022-07-31 04:16:59",0,38
952,97,1022,296,"2022-07-31 04:17:05",0,4
953,70,1018,302,"2022-07-31 04:17:07",4,6
954,57,1017,304,"2022-07-31 04:17:10",5,8
955,82,1020,300,"2022-07-31 04:17:12",1,10
956,75,1019,304,"2022-07-31 04:17:14",2,12
957,31,1017,305,"2022-07-31 04:17:16",4,14
958,88,1020,295,"2022-07-31 04:17:22",0,19
959,82,1021,299,"2022-07-31 04:17:27",2,24
960,80,1020,295,"2022-07-31 04:17:39",1,34
961,83,1023,299,"2022-07-31 04:19:10",3,23
962,78,1021,301,"2022-07-31 04:19:12",7,25
963,74,1021,301,"2022-07-31 04:19:14",3,27
964,84,1020,294,"2022-07-31 04:19:16",2,29
965,76,1020,293,"2022-07-31 04:19:19",3,31
966,92,1018,294,"2022-07-31 04:19:21",3,33
967,70,1020,294,"2022-07-31 04:19:23",2,35
968,94,1022,296,"2022-07-31 04:19:25",0,37
969,91,1022,297,"2022-07-31 04:19:32",0,39
970,48,1017,305,"2022-07-31 04:19:34",8,5
971,77,1019,301,"2022-07-31 04:19:36",4,7
972,89,1020,299,"2022-07-31 04:19:38",2,9
973,47,1015,304,"2022-07-31 04:19:46",2,11
974,82,1025,292,"2022-07-31 04:19:47",0,17
975,88,1020,295,"2022-07-31 04:19:50",0,19
976,86,1022,298,"2022-07-31 04:19:52",2,21
977,83,1023,299,"2022-07-31 04:19:54",3,23
978,78,1021,301,"2022-07-31 04:19:56",7,25
979,74,1021,301,"2022-07-31 04:19:58",3,27
980,84,1020,294,"2022-07-31 04:20:05",2,29
981,80,1020,295,"2022-07-31 04:20:10",1,34
982,91,1022,297,"2022-07-31 04:20:12",0,39
983,87,1021,297,"2022-07-31 04:20:14",1,1
984,71,1018,302,"2022-07-31 04:20:19",4,6
985,75,1019,304,"2022-07-31 04:20:26",2,12
986,83,1022,295,"2022-07-31 04:20:38",1,18
987,83,1021,299,"2022-07-31 04:20:39",2,24
988,86,1022,292,"2022-07-31 04:20:46",2,30
989,72,1021,301,"2022-07-31 04:22:06",4,22
990,83,1021,299,"2022-07-31 04:22:08",2,24
991,83,1022,299,"2022-07-31 04:22:11",2,26
992,90,1017,293,"2022-07-31 04:22:17",0,32
993,80,1020,295,"2022-07-31 04:22:19",1,34
994,79,1021,295,"2022-07-31 04:22:22",2,36
995,90,1020,299,"2022-07-31 04:22:24",0,38
996,82,1021,292,"2022-07-31 04:22:26",0,40
997,95,1022,296,"2022-07-31 04:22:28",1,2
998,97,1021,296,"2022-07-31 04:22:31",1,4
999,71,1018,302,"2022-07-31 04:22:33",4,6
1000,58,1017,304,"2022-07-31 04:22:35",5,8
